developer_id,journey_id,fast_score,consistent_score,reflective_score,cluster,pace_label
3390,14,1,0,1,1,consistent learner
3390,51,1,1,0,0,fast learner
3390,55,0,1,1,2,reflective learner
3390,60,1,0,1,1,consistent learner
3390,80,1,0,1,1,consistent learner
3390,86,1,0,1,1,consistent learner
3390,120,1,0,0,0,fast learner
3390,123,1,0,0,0,fast learner
3390,129,0,0,0,2,reflective learner
3390,133,1,1,1,1,consistent learner
3390,145,1,0,0,0,fast learner
3390,153,1,0,1,1,consistent learner
3390,159,1,0,1,1,consistent learner
3390,163,1,0,0,0,fast learner
3390,165,1,1,1,1,consistent learner
3390,169,1,1,1,1,consistent learner
3390,171,1,0,0,0,fast learner
3390,177,1,0,1,1,consistent learner
3390,184,1,1,1,1,consistent learner
3390,185,1,0,1,1,consistent learner
3390,191,1,1,1,1,consistent learner
3390,195,1,0,1,1,consistent learner
3390,202,1,1,0,0,fast learner
3390,219,1,0,1,1,consistent learner
3390,237,1,0,1,1,consistent learner
3390,251,1,0,0,0,fast learner
3390,256,1,0,1,1,consistent learner
3390,261,1,0,0,0,fast learner
3390,266,1,0,1,1,consistent learner
3390,271,1,1,1,1,consistent learner
3390,276,1,1,1,1,consistent learner
3390,292,1,0,0,0,fast learner
3390,297,1,0,0,0,fast learner
3390,302,1,0,1,1,consistent learner
3390,312,0,0,0,2,reflective learner
3390,313,1,0,0,0,fast learner
3390,315,1,0,1,1,consistent learner
3390,317,1,0,1,1,consistent learner
3390,319,1,1,1,1,consistent learner
3390,335,1,0,0,0,fast learner
3390,337,1,0,1,1,consistent learner
3390,342,1,0,1,1,consistent learner
3390,352,1,1,0,0,fast learner
3390,382,1,0,1,1,consistent learner
3390,387,1,0,1,1,consistent learner
3390,403,1,0,0,0,fast learner
3390,413,1,1,1,1,consistent learner
3390,418,1,1,1,1,consistent learner
3390,423,1,0,0,0,fast learner
3390,428,1,0,0,0,fast learner
3390,433,1,0,0,0,fast learner
3390,443,1,0,0,0,fast learner
3390,485,0,0,0,2,reflective learner
3390,490,0,0,0,2,reflective learner
3390,495,0,0,0,2,reflective learner
3390,500,0,0,0,2,reflective learner
3390,555,1,0,1,1,consistent learner
3390,570,1,0,0,0,fast learner
3390,590,1,1,1,1,consistent learner
3390,600,1,0,0,0,fast learner
3390,605,1,0,0,0,fast learner
3390,615,1,0,0,0,fast learner
3390,653,1,0,1,1,consistent learner
3390,673,0,0,0,2,reflective learner
3390,697,1,0,0,0,fast learner
3390,713,1,0,1,1,consistent learner
3390,748,0,0,1,2,reflective learner
3390,753,1,0,0,0,fast learner
3390,818,1,0,0,0,fast learner
3390,828,0,0,1,2,reflective learner
3390,852,1,0,0,0,fast learner
3390,862,1,0,0,0,fast learner
3390,867,1,0,0,0,fast learner
5774,51,0,0,0,2,reflective learner
5774,86,1,1,1,1,consistent learner
5774,116,0,0,0,2,reflective learner
5774,123,1,1,1,1,consistent learner
5774,133,1,0,0,0,fast learner
5774,177,1,0,1,1,consistent learner
5774,184,1,0,1,1,consistent learner
5774,185,1,0,0,0,fast learner
5774,237,1,0,0,0,fast learner
5774,256,1,1,1,1,consistent learner
5774,261,1,0,0,0,fast learner
5774,266,1,0,0,0,fast learner
5774,271,1,0,1,1,consistent learner
5774,276,1,0,0,0,fast learner
5774,302,1,0,0,0,fast learner
5774,313,1,0,1,1,consistent learner
5774,315,0,0,1,2,reflective learner
5774,317,1,0,0,0,fast learner
5774,319,1,0,0,0,fast learner
5774,337,1,0,1,1,consistent learner
5774,342,1,0,0,0,fast learner
5774,382,1,0,1,1,consistent learner
5774,387,1,0,1,1,consistent learner
5774,423,1,1,1,1,consistent learner
5774,428,1,0,0,0,fast learner
5774,485,0,0,0,2,reflective learner
5774,490,0,0,0,2,reflective learner
5774,495,0,0,0,2,reflective learner
5774,500,0,0,0,2,reflective learner
5774,505,0,0,1,2,reflective learner
5774,545,0,0,1,2,reflective learner
5774,550,1,0,1,1,consistent learner
5774,555,1,0,0,0,fast learner
5774,570,1,0,0,0,fast learner
5774,590,1,0,1,1,consistent learner
5774,600,1,0,1,1,consistent learner
5774,615,1,1,0,0,fast learner
5774,653,1,0,1,1,consistent learner
5774,713,1,0,0,0,fast learner
5774,748,0,0,0,2,reflective learner
5774,753,1,0,0,0,fast learner
5774,828,0,0,0,2,reflective learner
5774,852,1,0,0,0,fast learner
5774,862,1,0,1,1,consistent learner
5774,867,1,0,0,0,fast learner
5774,899,1,0,0,0,fast learner
5774,902,1,0,0,0,fast learner
11836,14,1,1,1,1,consistent learner
11836,32,1,0,0,0,fast learner
11836,51,1,0,1,1,consistent learner
11836,60,1,0,1,1,consistent learner
11836,80,1,1,0,0,fast learner
11836,86,1,0,1,1,consistent learner
11836,120,1,0,0,0,fast learner
11836,145,1,1,1,1,consistent learner
11836,159,1,1,1,1,consistent learner
11836,165,1,0,1,1,consistent learner
11836,169,1,0,0,0,fast learner
11836,171,1,0,1,1,consistent learner
11836,177,1,0,1,1,consistent learner
11836,184,1,0,1,1,consistent learner
11836,185,1,0,1,1,consistent learner
11836,191,1,0,0,0,fast learner
11836,195,1,0,0,0,fast learner
11836,199,1,0,1,1,consistent learner
11836,202,1,0,0,0,fast learner
11836,237,1,0,1,1,consistent learner
11836,251,1,1,1,1,consistent learner
11836,256,0,1,1,2,reflective learner
11836,287,1,0,1,1,consistent learner
11836,292,0,0,0,2,reflective learner
11836,302,1,0,1,1,consistent learner
11836,313,0,0,1,2,reflective learner
11836,315,1,1,1,1,consistent learner
11836,317,1,0,1,1,consistent learner
11836,319,1,0,1,1,consistent learner
11836,322,0,0,0,2,reflective learner
11836,335,1,0,1,1,consistent learner
11836,352,1,1,0,0,fast learner
11836,367,0,0,0,2,reflective learner
11836,382,1,0,1,1,consistent learner
11836,387,1,0,1,1,consistent learner
11836,418,0,0,0,2,reflective learner
11836,443,0,0,1,2,reflective learner
11836,445,1,0,1,1,consistent learner
11836,480,0,0,1,2,reflective learner
11836,505,0,0,0,2,reflective learner
11836,530,0,0,1,2,reflective learner
11836,555,1,0,1,1,consistent learner
11836,570,1,0,0,0,fast learner
11836,590,1,0,1,1,consistent learner
11836,595,0,0,0,2,reflective learner
11836,653,1,0,1,1,consistent learner
11836,663,1,0,0,0,fast learner
11836,673,0,0,0,2,reflective learner
11836,703,1,0,1,1,consistent learner
11836,713,1,0,0,0,fast learner
11836,748,0,0,0,2,reflective learner
11836,753,1,0,0,0,fast learner
11836,758,1,0,0,0,fast learner
11836,852,1,0,0,0,fast learner
11836,862,1,0,0,0,fast learner
11836,867,1,0,0,0,fast learner
11836,905,1,0,0,0,fast learner
17833,14,1,1,1,1,consistent learner
17833,51,1,0,1,1,consistent learner
17833,55,0,0,1,2,reflective learner
17833,58,0,0,0,2,reflective learner
17833,60,1,1,1,1,consistent learner
17833,80,1,1,1,1,consistent learner
17833,86,1,0,1,1,consistent learner
17833,104,1,1,0,0,fast learner
17833,116,0,0,0,2,reflective learner
17833,120,1,0,0,0,fast learner
17833,123,1,0,1,1,consistent learner
17833,145,1,0,0,0,fast learner
17833,159,1,0,1,1,consistent learner
17833,163,1,1,0,0,fast learner
17833,165,0,0,0,2,reflective learner
17833,169,0,1,0,2,reflective learner
17833,177,1,0,1,1,consistent learner
17833,184,1,1,1,1,consistent learner
17833,185,1,0,0,0,fast learner
17833,191,1,1,1,1,consistent learner
17833,219,1,0,1,1,consistent learner
17833,237,1,0,0,0,fast learner
17833,251,1,0,1,1,consistent learner
17833,256,1,0,1,1,consistent learner
17833,261,1,0,1,1,consistent learner
17833,266,1,0,1,1,consistent learner
17833,271,1,0,1,1,consistent learner
17833,276,1,0,1,1,consistent learner
17833,292,1,0,0,0,fast learner
17833,297,1,0,1,1,consistent learner
17833,302,1,1,1,1,consistent learner
17833,313,1,0,1,1,consistent learner
17833,315,1,0,1,1,consistent learner
17833,317,1,0,1,1,consistent learner
17833,319,1,0,0,0,fast learner
17833,335,0,0,0,2,reflective learner
17833,337,1,0,0,0,fast learner
17833,352,1,0,1,1,consistent learner
17833,382,1,0,1,1,consistent learner
17833,387,1,1,0,0,fast learner
17833,423,1,1,1,1,consistent learner
17833,428,1,1,1,1,consistent learner
17833,433,1,1,1,1,consistent learner
17833,485,0,0,0,2,reflective learner
17833,490,0,0,0,2,reflective learner
17833,495,0,0,0,2,reflective learner
17833,500,0,0,0,2,reflective learner
17833,505,0,0,0,2,reflective learner
17833,570,1,1,1,1,consistent learner
17833,615,1,0,1,1,consistent learner
17833,620,1,1,1,1,consistent learner
17833,653,1,1,1,1,consistent learner
17833,852,1,0,0,0,fast learner
32258,12,0,0,0,2,reflective learner
32258,14,1,0,1,1,consistent learner
32258,32,1,0,1,1,consistent learner
32258,51,1,1,1,1,consistent learner
32258,55,1,0,0,0,fast learner
32258,60,1,0,1,1,consistent learner
32258,80,1,0,1,1,consistent learner
32258,83,1,0,0,0,fast learner
32258,86,1,0,0,0,fast learner
32258,116,0,1,1,2,reflective learner
32258,123,1,1,1,1,consistent learner
32258,129,1,0,0,0,fast learner
32258,133,1,0,1,1,consistent learner
32258,144,1,0,0,0,fast learner
32258,145,1,0,0,0,fast learner
32258,159,1,0,0,0,fast learner
32258,163,0,0,0,2,reflective learner
32258,165,1,0,1,1,consistent learner
32258,169,1,0,0,0,fast learner
32258,171,1,0,1,1,consistent learner
32258,177,1,0,1,1,consistent learner
32258,184,0,1,1,2,reflective learner
32258,191,1,0,0,0,fast learner
32258,195,1,1,1,1,consistent learner
32258,199,1,0,1,1,consistent learner
32258,202,1,0,1,1,consistent learner
32258,209,1,0,1,1,consistent learner
32258,219,1,0,1,1,consistent learner
32258,251,1,0,0,0,fast learner
32258,256,0,1,0,2,reflective learner
32258,261,1,0,0,0,fast learner
32258,266,1,0,1,1,consistent learner
32258,271,1,0,1,1,consistent learner
32258,276,1,0,1,1,consistent learner
32258,281,0,1,1,2,reflective learner
32258,287,1,0,1,1,consistent learner
32258,312,0,0,1,2,reflective learner
32258,313,0,0,1,2,reflective learner
32258,315,1,0,1,1,consistent learner
32258,317,1,0,1,1,consistent learner
32258,319,1,0,1,1,consistent learner
32258,327,1,0,1,1,consistent learner
32258,332,1,0,1,1,consistent learner
32258,335,1,0,1,1,consistent learner
32258,337,1,0,1,1,consistent learner
32258,342,1,0,1,1,consistent learner
32258,352,1,1,1,1,consistent learner
32258,382,1,0,1,1,consistent learner
32258,387,1,0,1,1,consistent learner
32258,403,1,0,1,1,consistent learner
32258,408,1,0,1,1,consistent learner
32258,413,1,0,0,0,fast learner
32258,423,1,0,1,1,consistent learner
32258,445,1,0,1,1,consistent learner
32258,480,1,0,1,1,consistent learner
32258,505,0,0,1,2,reflective learner
32258,510,1,0,1,1,consistent learner
32258,520,1,0,0,0,fast learner
32258,545,0,0,0,2,reflective learner
32258,550,0,0,0,2,reflective learner
32258,555,1,0,1,1,consistent learner
32258,565,1,1,1,1,consistent learner
32258,570,1,0,0,0,fast learner
32258,580,1,0,0,0,fast learner
32258,590,0,0,1,2,reflective learner
32258,595,0,0,0,2,reflective learner
32258,600,1,0,0,0,fast learner
32258,605,1,1,1,1,consistent learner
32258,610,1,0,1,1,consistent learner
32258,615,1,1,1,1,consistent learner
32258,620,1,0,0,0,fast learner
32258,653,1,1,1,1,consistent learner
32258,663,1,1,1,1,consistent learner
32258,697,1,0,1,1,consistent learner
32258,703,1,0,1,1,consistent learner
32258,753,0,0,1,2,reflective learner
32258,828,0,0,0,2,reflective learner
32258,852,1,0,0,0,fast learner
32258,862,0,0,1,2,reflective learner
32258,902,1,0,0,0,fast learner
32258,905,1,0,0,0,fast learner
96989,51,1,0,0,0,fast learner
96989,83,1,0,0,0,fast learner
96989,104,1,0,0,0,fast learner
96989,123,1,0,0,0,fast learner
96989,133,1,0,0,0,fast learner
96989,144,1,0,0,0,fast learner
96989,159,1,0,0,0,fast learner
96989,163,1,1,0,0,fast learner
96989,191,1,0,0,0,fast learner
96989,202,1,0,0,0,fast learner
96989,219,1,1,1,1,consistent learner
96989,251,1,0,0,0,fast learner
96989,256,1,0,0,0,fast learner
96989,261,1,0,1,1,consistent learner
96989,266,1,0,1,1,consistent learner
96989,271,1,1,0,0,fast learner
96989,315,1,0,1,1,consistent learner
96989,337,1,0,0,0,fast learner
96989,342,1,1,0,0,fast learner
96989,382,1,1,1,1,consistent learner
96989,387,0,0,1,2,reflective learner
96989,403,1,0,0,0,fast learner
96989,413,1,0,0,0,fast learner
96989,418,1,1,0,0,fast learner
96989,565,1,0,0,0,fast learner
96989,595,0,0,0,2,reflective learner
96989,610,1,1,1,1,consistent learner
96989,615,1,0,0,0,fast learner
96989,653,1,0,0,0,fast learner
96989,743,1,0,0,0,fast learner
96989,881,1,0,0,0,fast learner
102556,14,1,1,1,1,consistent learner
102556,51,1,0,1,1,consistent learner
102556,55,1,1,1,1,consistent learner
102556,60,1,0,1,1,consistent learner
102556,80,1,1,1,1,consistent learner
102556,86,1,0,1,1,consistent learner
102556,120,1,0,0,0,fast learner
102556,123,1,0,1,1,consistent learner
102556,133,1,0,1,1,consistent learner
102556,145,1,0,1,1,consistent learner
102556,159,1,1,1,1,consistent learner
102556,163,1,0,1,1,consistent learner
102556,165,1,0,1,1,consistent learner
102556,169,1,1,1,1,consistent learner
102556,177,1,0,1,1,consistent learner
102556,184,1,1,1,1,consistent learner
102556,191,1,0,1,1,consistent learner
102556,195,1,1,1,1,consistent learner
102556,199,0,1,1,2,reflective learner
102556,219,1,0,1,1,consistent learner
102556,237,1,0,1,1,consistent learner
102556,251,1,1,1,1,consistent learner
102556,256,1,0,1,1,consistent learner
102556,261,1,0,1,1,consistent learner
102556,266,1,0,1,1,consistent learner
102556,271,1,0,1,1,consistent learner
102556,276,1,0,1,1,consistent learner
102556,287,1,0,1,1,consistent learner
102556,292,0,0,0,2,reflective learner
102556,302,0,0,0,2,reflective learner
102556,307,0,0,0,2,reflective learner
102556,315,1,0,1,1,consistent learner
102556,317,1,0,1,1,consistent learner
102556,335,1,0,1,1,consistent learner
102556,337,1,1,0,0,fast learner
102556,342,1,0,1,1,consistent learner
102556,352,1,1,1,1,consistent learner
102556,367,0,0,0,2,reflective learner
102556,382,1,0,1,1,consistent learner
102556,387,1,0,1,1,consistent learner
102556,403,1,0,1,1,consistent learner
102556,413,1,0,1,1,consistent learner
102556,418,1,0,1,1,consistent learner
102556,423,1,0,1,1,consistent learner
102556,428,1,0,1,1,consistent learner
102556,433,1,0,1,1,consistent learner
102556,445,1,1,1,1,consistent learner
102556,480,1,0,1,1,consistent learner
102556,485,0,0,0,2,reflective learner
102556,490,0,0,0,2,reflective learner
102556,495,0,0,0,2,reflective learner
102556,500,0,0,0,2,reflective learner
102556,505,0,0,0,2,reflective learner
102556,530,0,0,0,2,reflective learner
102556,555,1,0,1,1,consistent learner
102556,565,1,1,1,1,consistent learner
102556,570,1,0,1,1,consistent learner
102556,580,1,0,1,1,consistent learner
102556,590,0,0,0,2,reflective learner
102556,600,1,0,1,1,consistent learner
102556,605,1,0,1,1,consistent learner
102556,610,1,0,1,1,consistent learner
102556,615,1,0,1,1,consistent learner
102556,620,1,0,1,1,consistent learner
102556,653,1,0,1,1,consistent learner
102556,697,1,0,0,0,fast learner
102556,703,0,0,0,2,reflective learner
102556,708,1,0,1,1,consistent learner
102556,733,0,0,0,2,reflective learner
102556,743,1,0,1,1,consistent learner
102556,753,1,0,1,1,consistent learner
102556,788,1,1,1,1,consistent learner
102556,831,1,0,0,0,fast learner
102556,852,1,0,0,0,fast learner
102556,881,1,1,0,0,fast learner
110119,14,1,0,1,1,consistent learner
110119,51,0,0,1,2,reflective learner
110119,60,0,0,1,2,reflective learner
110119,83,1,0,1,1,consistent learner
110119,104,1,0,1,1,consistent learner
110119,116,1,0,0,0,fast learner
110119,123,0,0,0,2,reflective learner
110119,177,0,1,1,2,reflective learner
110119,184,0,1,1,2,reflective learner
110119,191,0,0,0,2,reflective learner
110119,256,1,0,0,0,fast learner
110119,261,1,0,1,1,consistent learner
110119,266,1,0,0,0,fast learner
110119,302,0,0,0,2,reflective learner
110119,382,1,0,0,0,fast learner
110119,387,1,0,1,1,consistent learner
110119,490,0,0,0,2,reflective learner
110119,495,0,0,0,2,reflective learner
110119,555,1,0,0,0,fast learner
110119,600,1,0,0,0,fast learner
110119,615,1,0,1,1,consistent learner
110119,653,1,1,1,1,consistent learner
110119,748,0,0,0,2,reflective learner
110119,852,0,1,1,2,reflective learner
110119,862,1,0,0,0,fast learner
110119,867,1,0,0,0,fast learner
110119,905,1,0,0,0,fast learner
113842,14,1,1,1,1,consistent learner
113842,51,1,0,1,1,consistent learner
113842,60,0,1,1,2,reflective learner
113842,80,1,0,0,0,fast learner
113842,123,1,0,0,0,fast learner
113842,159,0,0,0,2,reflective learner
113842,165,1,1,0,0,fast learner
113842,169,1,0,0,0,fast learner
113842,191,1,1,0,0,fast learner
113842,195,1,0,0,0,fast learner
113842,237,1,0,1,1,consistent learner
113842,256,1,0,0,0,fast learner
113842,261,1,0,0,0,fast learner
113842,271,1,1,0,0,fast learner
113842,287,0,0,1,2,reflective learner
113842,292,1,0,0,0,fast learner
113842,315,1,1,0,0,fast learner
113842,317,1,0,1,1,consistent learner
113842,335,1,1,0,0,fast learner
113842,352,1,0,0,0,fast learner
113842,357,0,0,0,2,reflective learner
113842,367,0,0,0,2,reflective learner
113842,418,1,0,0,0,fast learner
113842,445,1,1,0,0,fast learner
113842,480,1,1,0,0,fast learner
113842,485,0,0,0,2,reflective learner
113842,490,0,0,0,2,reflective learner
113842,495,0,0,0,2,reflective learner
113842,500,0,0,0,2,reflective learner
113842,748,0,0,1,2,reflective learner
153116,51,0,0,1,2,reflective learner
153116,58,0,0,0,2,reflective learner
153116,60,1,0,1,1,consistent learner
153116,86,1,0,1,1,consistent learner
153116,92,1,0,1,1,consistent learner
153116,123,1,0,0,0,fast learner
153116,150,0,0,1,2,reflective learner
153116,177,0,0,1,2,reflective learner
153116,184,1,0,1,1,consistent learner
153116,185,1,0,1,1,consistent learner
153116,199,0,0,0,2,reflective learner
153116,237,1,0,0,0,fast learner
153116,251,1,0,0,0,fast learner
153116,256,1,1,0,0,fast learner
153116,261,1,0,0,0,fast learner
153116,266,1,0,1,1,consistent learner
153116,302,1,0,0,0,fast learner
153116,313,1,1,1,1,consistent learner
153116,315,1,0,1,1,consistent learner
153116,317,1,0,0,0,fast learner
153116,319,1,1,1,1,consistent learner
153116,403,1,0,0,0,fast learner
153116,443,0,0,0,2,reflective learner
153116,530,0,0,0,2,reflective learner
153116,555,1,0,1,1,consistent learner
153116,590,1,0,1,1,consistent learner
153116,600,1,0,0,0,fast learner
153116,615,1,0,0,0,fast learner
153116,625,0,0,0,2,reflective learner
153116,653,1,0,1,1,consistent learner
153116,708,1,0,0,0,fast learner
153116,713,1,1,1,1,consistent learner
153116,748,0,0,0,2,reflective learner
153116,758,1,0,0,0,fast learner
153116,763,0,1,1,2,reflective learner
153116,768,0,1,1,2,reflective learner
153116,852,1,0,1,1,consistent learner
433737,14,1,0,0,0,fast learner
433737,51,1,1,1,1,consistent learner
433737,60,1,0,0,0,fast learner
433737,80,1,0,0,0,fast learner
433737,86,1,0,1,1,consistent learner
433737,120,1,0,1,1,consistent learner
433737,123,1,1,0,0,fast learner
433737,133,1,1,1,1,consistent learner
433737,145,1,0,0,0,fast learner
433737,159,1,0,1,1,consistent learner
433737,163,1,1,1,1,consistent learner
433737,165,1,0,0,0,fast learner
433737,169,1,0,1,1,consistent learner
433737,171,1,0,0,0,fast learner
433737,177,1,0,0,0,fast learner
433737,184,1,1,1,1,consistent learner
433737,185,1,0,1,1,consistent learner
433737,191,1,0,1,1,consistent learner
433737,195,1,1,1,1,consistent learner
433737,199,1,1,1,1,consistent learner
433737,202,1,0,0,0,fast learner
433737,209,1,0,0,0,fast learner
433737,219,1,1,1,1,consistent learner
433737,237,1,0,1,1,consistent learner
433737,251,1,0,1,1,consistent learner
433737,256,1,1,1,1,consistent learner
433737,261,1,0,1,1,consistent learner
433737,266,1,0,0,0,fast learner
433737,271,1,0,0,0,fast learner
433737,276,1,1,1,1,consistent learner
433737,281,0,0,1,2,reflective learner
433737,292,1,0,1,1,consistent learner
433737,302,1,0,1,1,consistent learner
433737,313,1,0,0,0,fast learner
433737,315,1,0,1,1,consistent learner
433737,317,1,0,1,1,consistent learner
433737,319,1,0,0,0,fast learner
433737,322,0,0,0,2,reflective learner
433737,332,1,0,1,1,consistent learner
433737,335,1,0,0,0,fast learner
433737,337,1,0,1,1,consistent learner
433737,342,1,0,1,1,consistent learner
433737,352,1,1,0,0,fast learner
433737,372,0,0,0,2,reflective learner
433737,382,1,0,0,0,fast learner
433737,387,1,0,1,1,consistent learner
433737,403,1,0,0,0,fast learner
433737,413,1,0,1,1,consistent learner
433737,418,1,0,0,0,fast learner
433737,423,1,0,0,0,fast learner
433737,428,1,0,0,0,fast learner
433737,433,1,0,0,0,fast learner
433737,443,1,0,1,1,consistent learner
433737,445,1,0,0,0,fast learner
433737,480,1,0,0,0,fast learner
433737,505,0,0,1,2,reflective learner
433737,530,0,0,0,2,reflective learner
433737,545,0,0,0,2,reflective learner
433737,550,0,0,1,2,reflective learner
433737,555,1,0,1,1,consistent learner
433737,565,1,0,0,0,fast learner
433737,570,1,0,0,0,fast learner
433737,580,1,1,0,0,fast learner
433737,590,1,1,1,1,consistent learner
433737,595,0,0,0,2,reflective learner
433737,600,1,0,1,1,consistent learner
433737,605,1,1,1,1,consistent learner
433737,610,1,1,0,0,fast learner
433737,615,1,0,0,0,fast learner
433737,620,1,0,1,1,consistent learner
433737,653,1,1,1,1,consistent learner
433737,658,1,0,0,0,fast learner
433737,663,1,0,0,0,fast learner
433737,673,0,0,0,2,reflective learner
433737,697,1,0,0,0,fast learner
433737,698,0,0,0,2,reflective learner
433737,703,0,0,0,2,reflective learner
433737,708,1,0,0,0,fast learner
433737,713,1,0,0,0,fast learner
433737,723,0,1,0,2,reflective learner
433737,743,1,0,1,1,consistent learner
433737,748,0,0,0,2,reflective learner
433737,753,1,0,0,0,fast learner
433737,758,1,0,1,1,consistent learner
433737,828,0,0,1,2,reflective learner
433737,837,0,1,1,2,reflective learner
433737,852,1,0,0,0,fast learner
433737,862,1,0,0,0,fast learner
433737,867,1,0,0,0,fast learner
433737,899,1,0,0,0,fast learner
433737,902,1,0,0,0,fast learner
494342,14,1,0,1,1,consistent learner
494342,51,0,0,1,2,reflective learner
494342,60,1,0,0,0,fast learner
494342,80,0,0,1,2,reflective learner
494342,86,1,0,0,0,fast learner
494342,123,1,0,0,0,fast learner
494342,129,0,1,1,2,reflective learner
494342,133,1,0,1,1,consistent learner
494342,159,0,1,1,2,reflective learner
494342,163,0,0,0,2,reflective learner
494342,165,1,1,1,1,consistent learner
494342,169,1,0,1,1,consistent learner
494342,177,1,0,0,0,fast learner
494342,184,1,0,1,1,consistent learner
494342,185,1,0,1,1,consistent learner
494342,191,1,1,1,1,consistent learner
494342,195,1,1,1,1,consistent learner
494342,199,1,0,1,1,consistent learner
494342,237,1,0,1,1,consistent learner
494342,251,1,0,1,1,consistent learner
494342,256,1,0,1,1,consistent learner
494342,261,1,0,0,0,fast learner
494342,266,1,0,1,1,consistent learner
494342,271,1,0,1,1,consistent learner
494342,276,0,1,1,2,reflective learner
494342,281,0,0,1,2,reflective learner
494342,287,1,0,1,1,consistent learner
494342,292,1,0,1,1,consistent learner
494342,302,0,0,1,2,reflective learner
494342,312,0,0,1,2,reflective learner
494342,313,1,0,1,1,consistent learner
494342,315,1,0,1,1,consistent learner
494342,317,1,0,1,1,consistent learner
494342,319,1,1,1,1,consistent learner
494342,322,0,0,0,2,reflective learner
494342,332,1,0,0,0,fast learner
494342,335,1,1,1,1,consistent learner
494342,337,1,0,1,1,consistent learner
494342,342,1,0,1,1,consistent learner
494342,352,1,0,1,1,consistent learner
494342,357,0,0,0,2,reflective learner
494342,362,0,0,0,2,reflective learner
494342,367,0,0,1,2,reflective learner
494342,382,1,0,1,1,consistent learner
494342,387,1,0,0,0,fast learner
494342,403,1,0,1,1,consistent learner
494342,423,0,0,1,2,reflective learner
494342,443,1,0,1,1,consistent learner
494342,445,1,0,1,1,consistent learner
494342,530,0,0,0,2,reflective learner
494342,570,1,0,1,1,consistent learner
494342,595,0,0,0,2,reflective learner
494342,600,1,0,0,0,fast learner
494342,653,1,1,1,1,consistent learner
494342,673,0,0,0,2,reflective learner
494342,697,1,0,1,1,consistent learner
494342,723,0,1,1,2,reflective learner
494342,748,0,0,0,2,reflective learner
494342,753,1,0,0,0,fast learner
494342,758,1,0,0,0,fast learner
494342,837,0,1,1,2,reflective learner
494342,852,1,0,0,0,fast learner
494342,862,1,1,0,0,fast learner
494342,867,1,0,0,0,fast learner
494342,881,0,0,1,2,reflective learner
496740,14,1,0,1,1,consistent learner
496740,51,1,0,1,1,consistent learner
496740,60,1,0,0,0,fast learner
496740,80,1,0,1,1,consistent learner
496740,86,1,0,1,1,consistent learner
496740,120,1,0,0,0,fast learner
496740,123,1,1,1,1,consistent learner
496740,133,1,1,1,1,consistent learner
496740,145,1,0,1,1,consistent learner
496740,159,1,0,1,1,consistent learner
496740,163,1,0,1,1,consistent learner
496740,165,1,0,1,1,consistent learner
496740,177,1,0,1,1,consistent learner
496740,184,1,0,1,1,consistent learner
496740,185,1,0,0,0,fast learner
496740,191,1,0,1,1,consistent learner
496740,195,1,1,1,1,consistent learner
496740,219,1,0,1,1,consistent learner
496740,237,1,0,1,1,consistent learner
496740,251,1,0,1,1,consistent learner
496740,256,1,1,1,1,consistent learner
496740,261,1,0,1,1,consistent learner
496740,266,1,0,1,1,consistent learner
496740,271,1,0,1,1,consistent learner
496740,276,1,0,1,1,consistent learner
496740,292,0,0,0,2,reflective learner
496740,297,0,0,1,2,reflective learner
496740,302,1,0,0,0,fast learner
496740,312,0,0,0,2,reflective learner
496740,313,1,1,1,1,consistent learner
496740,315,1,0,1,1,consistent learner
496740,317,1,0,1,1,consistent learner
496740,332,1,0,1,1,consistent learner
496740,335,1,0,1,1,consistent learner
496740,337,1,0,1,1,consistent learner
496740,342,1,0,1,1,consistent learner
496740,352,1,0,0,0,fast learner
496740,367,0,0,1,2,reflective learner
496740,382,1,0,1,1,consistent learner
496740,387,1,0,1,1,consistent learner
496740,397,0,1,1,2,reflective learner
496740,403,1,0,1,1,consistent learner
496740,413,1,0,1,1,consistent learner
496740,418,1,0,1,1,consistent learner
496740,423,1,1,1,1,consistent learner
496740,428,1,0,1,1,consistent learner
496740,433,1,1,1,1,consistent learner
496740,445,1,0,1,1,consistent learner
496740,480,1,0,1,1,consistent learner
496740,485,0,0,0,2,reflective learner
496740,490,0,0,0,2,reflective learner
496740,495,0,0,0,2,reflective learner
496740,500,0,0,0,2,reflective learner
496740,520,1,0,0,0,fast learner
496740,555,1,0,1,1,consistent learner
496740,565,1,0,1,1,consistent learner
496740,570,1,1,1,1,consistent learner
496740,575,0,1,1,2,reflective learner
496740,580,1,0,1,1,consistent learner
496740,595,0,0,1,2,reflective learner
496740,600,1,0,1,1,consistent learner
496740,605,1,0,0,0,fast learner
496740,610,1,0,1,1,consistent learner
496740,615,1,0,1,1,consistent learner
496740,620,1,0,0,0,fast learner
496740,653,1,0,0,0,fast learner
496740,663,1,0,1,1,consistent learner
496740,697,1,0,0,0,fast learner
496740,703,0,0,0,2,reflective learner
496740,733,0,0,0,2,reflective learner
496740,852,1,0,0,0,fast learner
496740,862,1,0,0,0,fast learner
496740,867,1,0,0,0,fast learner
518124,14,1,1,1,1,consistent learner
518124,51,1,0,1,1,consistent learner
518124,60,1,0,1,1,consistent learner
518124,80,1,0,1,1,consistent learner
518124,83,1,0,1,1,consistent learner
518124,86,1,0,1,1,consistent learner
518124,120,1,0,1,1,consistent learner
518124,123,1,0,0,0,fast learner
518124,129,1,0,0,0,fast learner
518124,133,0,0,1,2,reflective learner
518124,159,1,0,0,0,fast learner
518124,163,1,0,0,0,fast learner
518124,165,1,0,0,0,fast learner
518124,169,1,1,1,1,consistent learner
518124,171,1,0,0,0,fast learner
518124,177,1,1,1,1,consistent learner
518124,184,0,1,0,2,reflective learner
518124,185,1,0,1,1,consistent learner
518124,191,1,0,0,0,fast learner
518124,202,1,0,0,0,fast learner
518124,209,1,0,0,0,fast learner
518124,219,1,0,0,0,fast learner
518124,237,1,0,1,1,consistent learner
518124,251,0,0,1,2,reflective learner
518124,256,1,0,0,0,fast learner
518124,261,1,0,0,0,fast learner
518124,271,1,0,1,1,consistent learner
518124,276,1,0,0,0,fast learner
518124,287,1,1,1,1,consistent learner
518124,292,0,0,1,2,reflective learner
518124,302,1,0,0,0,fast learner
518124,313,1,0,1,1,consistent learner
518124,315,0,0,0,2,reflective learner
518124,317,1,0,1,1,consistent learner
518124,319,1,1,1,1,consistent learner
518124,322,0,0,0,2,reflective learner
518124,327,1,0,0,0,fast learner
518124,335,1,0,1,1,consistent learner
518124,337,1,0,1,1,consistent learner
518124,352,1,1,1,1,consistent learner
518124,362,0,0,1,2,reflective learner
518124,367,0,0,0,2,reflective learner
518124,382,1,0,1,1,consistent learner
518124,387,1,0,1,1,consistent learner
518124,403,1,0,0,0,fast learner
518124,445,1,0,1,1,consistent learner
518124,465,0,1,0,2,reflective learner
518124,485,0,0,1,2,reflective learner
518124,490,0,0,0,2,reflective learner
518124,495,0,0,0,2,reflective learner
518124,500,0,0,0,2,reflective learner
518124,505,0,0,0,2,reflective learner
518124,530,0,0,1,2,reflective learner
518124,555,1,1,1,1,consistent learner
518124,570,1,0,0,0,fast learner
518124,595,0,0,1,2,reflective learner
518124,600,1,0,0,0,fast learner
518124,605,1,0,0,0,fast learner
518124,615,1,0,0,0,fast learner
518124,653,1,1,1,1,consistent learner
518124,852,1,0,0,0,fast learner
518124,862,1,0,0,0,fast learner
518124,867,1,0,0,0,fast learner
531259,14,1,0,1,1,consistent learner
531259,32,0,0,1,2,reflective learner
531259,51,0,0,1,2,reflective learner
531259,80,1,0,0,0,fast learner
531259,83,1,1,1,1,consistent learner
531259,86,0,0,0,2,reflective learner
531259,120,0,0,0,2,reflective learner
531259,123,1,0,0,0,fast learner
531259,129,1,1,1,1,consistent learner
531259,133,1,1,1,1,consistent learner
531259,153,0,0,0,2,reflective learner
531259,159,0,0,1,2,reflective learner
531259,163,0,1,1,2,reflective learner
531259,165,1,1,1,1,consistent learner
531259,169,0,0,0,2,reflective learner
531259,171,1,0,0,0,fast learner
531259,177,1,0,1,1,consistent learner
531259,184,0,0,0,2,reflective learner
531259,185,1,0,0,0,fast learner
531259,191,1,0,1,1,consistent learner
531259,195,1,1,1,1,consistent learner
531259,199,1,0,1,1,consistent learner
531259,202,1,0,1,1,consistent learner
531259,209,1,0,1,1,consistent learner
531259,219,1,0,1,1,consistent learner
531259,237,1,0,0,0,fast learner
531259,251,0,0,0,2,reflective learner
531259,256,1,0,1,1,consistent learner
531259,261,1,1,0,0,fast learner
531259,266,0,1,0,2,reflective learner
531259,271,1,1,1,1,consistent learner
531259,276,1,0,1,1,consistent learner
531259,281,0,0,0,2,reflective learner
531259,287,0,0,0,2,reflective learner
531259,297,0,0,0,2,reflective learner
531259,312,0,0,1,2,reflective learner
531259,313,0,0,0,2,reflective learner
531259,315,0,0,1,2,reflective learner
531259,317,1,0,0,0,fast learner
531259,319,1,0,1,1,consistent learner
531259,322,0,0,0,2,reflective learner
531259,327,1,0,0,0,fast learner
531259,332,1,0,1,1,consistent learner
531259,335,1,0,1,1,consistent learner
531259,337,1,0,1,1,consistent learner
531259,342,1,0,0,0,fast learner
531259,352,1,1,1,1,consistent learner
531259,362,0,0,0,2,reflective learner
531259,372,0,0,0,2,reflective learner
531259,382,1,0,1,1,consistent learner
531259,387,1,0,0,0,fast learner
531259,403,1,0,1,1,consistent learner
531259,408,1,0,0,0,fast learner
531259,413,1,1,1,1,consistent learner
531259,418,1,0,1,1,consistent learner
531259,423,1,0,1,1,consistent learner
531259,428,1,0,1,1,consistent learner
531259,433,1,0,1,1,consistent learner
531259,443,1,1,1,1,consistent learner
531259,445,1,0,0,0,fast learner
531259,480,1,0,1,1,consistent learner
531259,500,0,0,1,2,reflective learner
531259,505,0,0,0,2,reflective learner
531259,510,1,0,1,1,consistent learner
531259,515,1,0,1,1,consistent learner
531259,520,1,0,1,1,consistent learner
531259,525,1,0,1,1,consistent learner
531259,530,0,0,0,2,reflective learner
531259,535,1,0,0,0,fast learner
531259,545,0,0,0,2,reflective learner
531259,550,0,0,0,2,reflective learner
531259,555,1,0,1,1,consistent learner
531259,565,1,0,1,1,consistent learner
531259,570,1,0,0,0,fast learner
531259,580,1,0,0,0,fast learner
531259,590,1,0,0,0,fast learner
531259,595,0,0,1,2,reflective learner
531259,600,1,0,0,0,fast learner
531259,605,1,0,1,1,consistent learner
531259,610,1,0,0,0,fast learner
531259,615,1,0,0,0,fast learner
531259,620,1,0,0,0,fast learner
531259,625,0,0,0,2,reflective learner
531259,653,1,0,0,0,fast learner
531259,658,1,0,1,1,consistent learner
531259,663,1,0,1,1,consistent learner
531259,697,1,1,1,1,consistent learner
531259,698,0,0,0,2,reflective learner
531259,703,0,0,0,2,reflective learner
531259,708,1,0,0,0,fast learner
531259,713,0,0,1,2,reflective learner
531259,718,1,0,0,0,fast learner
531259,743,1,0,0,0,fast learner
531259,753,1,0,0,0,fast learner
531259,758,1,0,0,0,fast learner
531259,788,1,1,1,1,consistent learner
531259,818,1,0,0,0,fast learner
531259,823,0,0,0,2,reflective learner
531259,828,0,0,0,2,reflective learner
531259,831,1,0,0,0,fast learner
531259,847,1,0,1,1,consistent learner
531259,852,1,0,1,1,consistent learner
531259,862,1,0,0,0,fast learner
531259,867,1,0,0,0,fast learner
531259,881,1,0,1,1,consistent learner
531259,884,1,0,0,0,fast learner
531259,890,1,0,0,0,fast learner
531259,899,1,0,0,0,fast learner
531259,902,1,0,0,0,fast learner
791882,60,1,0,1,1,consistent learner
791882,86,1,0,1,1,consistent learner
791882,120,1,0,0,0,fast learner
791882,123,1,0,1,1,consistent learner
791882,133,1,0,1,1,consistent learner
791882,163,1,0,1,1,consistent learner
791882,169,1,0,1,1,consistent learner
791882,177,1,0,1,1,consistent learner
791882,184,1,0,1,1,consistent learner
791882,185,1,0,0,0,fast learner
791882,199,1,0,0,0,fast learner
791882,219,1,1,1,1,consistent learner
791882,237,1,0,1,1,consistent learner
791882,251,1,0,1,1,consistent learner
791882,256,1,0,1,1,consistent learner
791882,261,1,0,1,1,consistent learner
791882,266,1,0,0,0,fast learner
791882,271,1,0,0,0,fast learner
791882,276,1,0,1,1,consistent learner
791882,281,0,1,1,2,reflective learner
791882,292,1,0,0,0,fast learner
791882,302,1,0,1,1,consistent learner
791882,315,1,0,1,1,consistent learner
791882,317,1,1,1,1,consistent learner
791882,319,1,0,1,1,consistent learner
791882,335,1,0,1,1,consistent learner
791882,337,1,0,0,0,fast learner
791882,342,1,1,1,1,consistent learner
791882,362,0,1,1,2,reflective learner
791882,372,0,0,1,2,reflective learner
791882,382,1,1,1,1,consistent learner
791882,387,1,0,1,1,consistent learner
791882,392,0,1,1,2,reflective learner
791882,403,1,0,1,1,consistent learner
791882,413,1,0,0,0,fast learner
791882,418,1,0,0,0,fast learner
791882,443,1,0,0,0,fast learner
791882,490,0,0,0,2,reflective learner
791882,530,0,0,1,2,reflective learner
791882,555,1,0,1,1,consistent learner
791882,565,1,0,0,0,fast learner
791882,570,1,0,0,0,fast learner
791882,575,0,1,1,2,reflective learner
791882,590,1,0,1,1,consistent learner
791882,600,1,0,0,0,fast learner
791882,610,1,0,0,0,fast learner
791882,615,1,0,0,0,fast learner
791882,620,1,0,0,0,fast learner
791882,653,1,0,1,1,consistent learner
791882,698,0,0,0,2,reflective learner
791882,713,1,0,0,0,fast learner
791882,733,0,0,1,2,reflective learner
791882,748,0,0,1,2,reflective learner
791882,753,1,0,1,1,consistent learner
791882,763,0,1,1,2,reflective learner
791882,768,0,1,1,2,reflective learner
791882,823,0,0,1,2,reflective learner
791882,828,0,0,1,2,reflective learner
791882,852,1,0,0,0,fast learner
791882,862,1,0,0,0,fast learner
791882,867,1,0,0,0,fast learner
791882,902,1,0,0,0,fast learner
886996,14,1,1,1,1,consistent learner
886996,32,0,0,1,2,reflective learner
886996,51,1,0,1,1,consistent learner
886996,60,0,0,1,2,reflective learner
886996,80,1,1,0,0,fast learner
886996,120,1,0,1,1,consistent learner
886996,123,1,0,1,1,consistent learner
886996,129,1,0,0,0,fast learner
886996,163,1,0,0,0,fast learner
886996,165,1,0,0,0,fast learner
886996,184,0,1,1,2,reflective learner
886996,185,1,0,0,0,fast learner
886996,195,0,0,0,2,reflective learner
886996,251,1,1,1,1,consistent learner
886996,256,1,0,1,1,consistent learner
886996,261,1,0,1,1,consistent learner
886996,266,1,0,0,0,fast learner
886996,271,0,0,1,2,reflective learner
886996,315,1,0,0,0,fast learner
886996,317,1,0,1,1,consistent learner
886996,322,0,0,0,2,reflective learner
886996,335,1,0,0,0,fast learner
886996,337,1,0,0,0,fast learner
886996,352,1,1,1,1,consistent learner
886996,382,1,0,0,0,fast learner
886996,387,1,0,0,0,fast learner
886996,423,1,0,0,0,fast learner
886996,428,1,0,1,1,consistent learner
886996,433,1,0,1,1,consistent learner
886996,485,0,0,0,2,reflective learner
886996,490,0,0,0,2,reflective learner
886996,495,0,0,0,2,reflective learner
886996,500,0,0,0,2,reflective learner
886996,505,0,0,0,2,reflective learner
886996,545,0,0,0,2,reflective learner
886996,570,1,0,0,0,fast learner
886996,580,1,0,0,0,fast learner
886996,600,1,0,0,0,fast learner
886996,605,1,0,1,1,consistent learner
886996,653,1,0,0,0,fast learner
886996,673,0,0,0,2,reflective learner
886996,703,1,0,1,1,consistent learner
886996,708,1,0,0,0,fast learner
886996,753,1,0,0,0,fast learner
886996,828,0,0,1,2,reflective learner
886996,852,1,0,0,0,fast learner
886996,862,1,0,0,0,fast learner
886996,867,1,0,0,0,fast learner
886996,881,1,0,0,0,fast learner
886996,899,1,0,0,0,fast learner
886996,902,1,0,0,0,fast learner
886996,905,0,0,0,2,reflective learner
938276,14,0,1,1,2,reflective learner
938276,51,0,0,1,2,reflective learner
938276,74,0,0,1,2,reflective learner
938276,80,0,0,0,2,reflective learner
938276,123,1,0,1,1,consistent learner
938276,129,0,1,1,2,reflective learner
938276,133,1,0,1,1,consistent learner
938276,134,0,1,0,2,reflective learner
938276,163,1,0,1,1,consistent learner
938276,165,0,1,1,2,reflective learner
938276,169,0,0,1,2,reflective learner
938276,219,1,0,1,1,consistent learner
938276,251,1,0,0,0,fast learner
938276,256,0,0,1,2,reflective learner
938276,261,1,0,1,1,consistent learner
938276,271,1,1,0,0,fast learner
938276,276,1,0,1,1,consistent learner
938276,287,0,0,1,2,reflective learner
938276,332,1,0,0,0,fast learner
938276,337,1,0,0,0,fast learner
938276,352,1,0,1,1,consistent learner
938276,403,1,0,1,1,consistent learner
938276,413,1,1,1,1,consistent learner
938276,418,1,1,0,0,fast learner
938276,428,0,0,0,2,reflective learner
938276,438,0,0,0,2,reflective learner
938276,560,1,0,0,0,fast learner
938276,565,0,0,0,2,reflective learner
938276,610,1,1,1,1,consistent learner
938276,640,0,0,0,2,reflective learner
938276,653,1,0,0,0,fast learner
938276,697,1,0,0,0,fast learner
938276,881,0,0,0,2,reflective learner
1202367,14,1,0,0,0,fast learner
1202367,32,1,0,0,0,fast learner
1202367,51,1,0,1,1,consistent learner
1202367,80,1,0,1,1,consistent learner
1202367,83,1,0,0,0,fast learner
1202367,86,0,1,1,2,reflective learner
1202367,123,1,0,1,1,consistent learner
1202367,133,1,0,0,0,fast learner
1202367,144,1,0,1,1,consistent learner
1202367,145,1,0,1,1,consistent learner
1202367,153,1,0,0,0,fast learner
1202367,163,1,0,1,1,consistent learner
1202367,165,1,0,0,0,fast learner
1202367,171,1,0,0,0,fast learner
1202367,184,1,0,0,0,fast learner
1202367,185,1,0,0,0,fast learner
1202367,191,0,0,0,2,reflective learner
1202367,195,1,0,0,0,fast learner
1202367,199,1,0,0,0,fast learner
1202367,202,1,0,0,0,fast learner
1202367,209,1,0,0,0,fast learner
1202367,219,1,0,1,1,consistent learner
1202367,237,1,1,0,0,fast learner
1202367,251,1,1,1,1,consistent learner
1202367,256,1,0,1,1,consistent learner
1202367,261,1,0,1,1,consistent learner
1202367,266,1,0,0,0,fast learner
1202367,271,1,0,0,0,fast learner
1202367,276,1,0,0,0,fast learner
1202367,281,0,0,1,2,reflective learner
1202367,287,1,0,0,0,fast learner
1202367,297,1,0,0,0,fast learner
1202367,312,0,0,0,2,reflective learner
1202367,313,0,1,0,2,reflective learner
1202367,315,1,0,1,1,consistent learner
1202367,317,1,0,1,1,consistent learner
1202367,319,1,0,0,0,fast learner
1202367,332,1,0,0,0,fast learner
1202367,335,1,0,1,1,consistent learner
1202367,337,1,0,0,0,fast learner
1202367,342,1,0,1,1,consistent learner
1202367,352,1,0,0,0,fast learner
1202367,382,1,0,0,0,fast learner
1202367,387,1,0,1,1,consistent learner
1202367,403,1,0,1,1,consistent learner
1202367,413,1,0,0,0,fast learner
1202367,418,1,0,1,1,consistent learner
1202367,423,1,0,0,0,fast learner
1202367,428,1,0,0,0,fast learner
1202367,433,1,0,0,0,fast learner
1202367,443,1,0,0,0,fast learner
1202367,445,1,0,1,1,consistent learner
1202367,480,0,0,0,2,reflective learner
1202367,485,0,0,0,2,reflective learner
1202367,490,0,0,0,2,reflective learner
1202367,505,1,0,1,1,consistent learner
1202367,510,1,0,1,1,consistent learner
1202367,545,0,0,1,2,reflective learner
1202367,550,0,0,1,2,reflective learner
1202367,555,1,0,1,1,consistent learner
1202367,565,1,0,0,0,fast learner
1202367,570,1,0,0,0,fast learner
1202367,580,1,0,1,1,consistent learner
1202367,590,0,0,1,2,reflective learner
1202367,595,0,0,0,2,reflective learner
1202367,600,1,0,0,0,fast learner
1202367,605,1,0,0,0,fast learner
1202367,610,0,0,0,2,reflective learner
1202367,615,1,0,1,1,consistent learner
1202367,620,1,1,1,1,consistent learner
1202367,653,1,0,0,0,fast learner
1202367,658,0,0,0,2,reflective learner
1202367,663,1,0,0,0,fast learner
1202367,673,0,0,0,2,reflective learner
1202367,697,1,0,0,0,fast learner
1202367,708,1,0,0,0,fast learner
1202367,713,0,0,0,2,reflective learner
1202367,743,1,0,0,0,fast learner
1202367,753,1,0,0,0,fast learner
1202367,758,1,0,0,0,fast learner
1202367,788,0,0,0,2,reflective learner
1202367,823,0,0,0,2,reflective learner
1202367,831,0,0,0,2,reflective learner
1202367,852,1,0,0,0,fast learner
1202367,862,1,0,0,0,fast learner
1202367,867,1,0,0,0,fast learner
1202367,881,1,0,0,0,fast learner
1202367,899,1,0,0,0,fast learner
1202367,902,1,0,0,0,fast learner
1202367,905,0,0,0,2,reflective learner
1319457,32,1,0,0,0,fast learner
1319457,51,1,0,1,1,consistent learner
1319457,60,1,0,1,1,consistent learner
1319457,80,1,0,1,1,consistent learner
1319457,86,1,0,1,1,consistent learner
1319457,120,1,0,0,0,fast learner
1319457,123,1,1,1,1,consistent learner
1319457,153,1,0,0,0,fast learner
1319457,159,1,0,1,1,consistent learner
1319457,163,1,1,1,1,consistent learner
1319457,169,1,1,0,0,fast learner
1319457,177,1,0,1,1,consistent learner
1319457,184,1,0,1,1,consistent learner
1319457,185,1,1,1,1,consistent learner
1319457,191,1,0,0,0,fast learner
1319457,219,1,0,0,0,fast learner
1319457,237,1,0,0,0,fast learner
1319457,251,1,0,1,1,consistent learner
1319457,256,1,0,1,1,consistent learner
1319457,261,1,0,1,1,consistent learner
1319457,266,1,0,0,0,fast learner
1319457,271,1,1,1,1,consistent learner
1319457,276,1,1,0,0,fast learner
1319457,292,1,0,0,0,fast learner
1319457,297,1,0,0,0,fast learner
1319457,302,1,0,1,1,consistent learner
1319457,312,0,0,1,2,reflective learner
1319457,313,1,0,0,0,fast learner
1319457,315,1,0,1,1,consistent learner
1319457,317,1,0,0,0,fast learner
1319457,319,1,0,1,1,consistent learner
1319457,322,0,0,0,2,reflective learner
1319457,327,1,0,0,0,fast learner
1319457,335,1,0,1,1,consistent learner
1319457,337,1,0,0,0,fast learner
1319457,342,1,0,0,0,fast learner
1319457,362,0,0,0,2,reflective learner
1319457,382,1,0,1,1,consistent learner
1319457,387,1,0,1,1,consistent learner
1319457,403,1,0,0,0,fast learner
1319457,423,1,0,0,0,fast learner
1319457,428,1,0,1,1,consistent learner
1319457,443,1,0,1,1,consistent learner
1319457,465,0,1,0,2,reflective learner
1319457,485,0,0,0,2,reflective learner
1319457,490,0,0,0,2,reflective learner
1319457,500,0,0,0,2,reflective learner
1319457,505,0,0,0,2,reflective learner
1319457,510,1,0,0,0,fast learner
1319457,530,0,0,0,2,reflective learner
1319457,555,1,0,0,0,fast learner
1319457,565,1,0,1,1,consistent learner
1319457,570,1,1,1,1,consistent learner
1319457,580,1,0,0,0,fast learner
1319457,590,1,0,1,1,consistent learner
1319457,595,0,0,0,2,reflective learner
1319457,600,1,0,0,0,fast learner
1319457,605,1,0,0,0,fast learner
1319457,615,1,0,1,1,consistent learner
1319457,620,1,0,0,0,fast learner
1319457,653,1,0,1,1,consistent learner
1319457,658,1,0,0,0,fast learner
1319457,733,0,0,0,2,reflective learner
1319457,852,1,0,0,0,fast learner
1776122,60,0,0,0,2,reflective learner
1776122,80,1,0,1,1,consistent learner
1776122,86,1,0,1,1,consistent learner
1776122,120,1,0,0,0,fast learner
1776122,123,1,1,1,1,consistent learner
1776122,133,1,1,1,1,consistent learner
1776122,163,0,0,1,2,reflective learner
1776122,177,1,0,1,1,consistent learner
1776122,184,1,0,1,1,consistent learner
1776122,185,1,0,0,0,fast learner
1776122,237,1,0,1,1,consistent learner
1776122,251,1,0,0,0,fast learner
1776122,256,1,0,1,1,consistent learner
1776122,261,1,0,1,1,consistent learner
1776122,266,1,0,0,0,fast learner
1776122,281,0,0,0,2,reflective learner
1776122,302,1,0,1,1,consistent learner
1776122,313,1,0,1,1,consistent learner
1776122,315,1,0,1,1,consistent learner
1776122,317,1,0,1,1,consistent learner
1776122,319,1,0,0,0,fast learner
1776122,332,1,0,1,1,consistent learner
1776122,337,1,0,0,0,fast learner
1776122,342,1,0,1,1,consistent learner
1776122,362,0,0,0,2,reflective learner
1776122,372,0,0,1,2,reflective learner
1776122,382,1,0,0,0,fast learner
1776122,387,1,0,1,1,consistent learner
1776122,403,1,0,0,0,fast learner
1776122,423,0,0,1,2,reflective learner
1776122,490,0,0,0,2,reflective learner
1776122,495,0,0,0,2,reflective learner
1776122,500,0,0,0,2,reflective learner
1776122,530,0,0,0,2,reflective learner
1776122,555,1,0,1,1,consistent learner
1776122,570,1,0,0,0,fast learner
1776122,590,1,0,1,1,consistent learner
1776122,600,1,0,0,0,fast learner
1776122,615,1,0,0,0,fast learner
1776122,653,1,0,0,0,fast learner
1776122,673,0,0,0,2,reflective learner
1776122,708,1,0,0,0,fast learner
1776122,713,1,1,0,0,fast learner
1776122,748,0,0,0,2,reflective learner
1776122,753,1,0,0,0,fast learner
1776122,763,0,1,1,2,reflective learner
1776122,768,0,1,1,2,reflective learner
1776122,823,0,0,0,2,reflective learner
1776122,852,1,0,0,0,fast learner
1776122,862,1,0,0,0,fast learner
1776122,867,1,0,0,0,fast learner
1776122,899,1,0,0,0,fast learner
1776122,902,1,0,0,0,fast learner
1776122,905,1,0,0,0,fast learner
2131303,14,1,1,1,1,consistent learner
2131303,51,1,0,1,1,consistent learner
2131303,60,1,0,1,1,consistent learner
2131303,80,1,0,1,1,consistent learner
2131303,86,1,0,0,0,fast learner
2131303,120,1,0,1,1,consistent learner
2131303,123,1,0,1,1,consistent learner
2131303,133,1,0,1,1,consistent learner
2131303,145,1,0,0,0,fast learner
2131303,153,0,0,0,2,reflective learner
2131303,159,1,1,1,1,consistent learner
2131303,163,1,0,1,1,consistent learner
2131303,165,1,1,1,1,consistent learner
2131303,169,1,0,1,1,consistent learner
2131303,171,1,0,0,0,fast learner
2131303,177,1,0,0,0,fast learner
2131303,184,1,1,1,1,consistent learner
2131303,185,1,1,1,1,consistent learner
2131303,191,1,0,1,1,consistent learner
2131303,195,1,0,0,0,fast learner
2131303,199,0,0,1,2,reflective learner
2131303,219,1,0,1,1,consistent learner
2131303,237,1,0,1,1,consistent learner
2131303,251,1,0,0,0,fast learner
2131303,256,1,0,1,1,consistent learner
2131303,261,1,0,1,1,consistent learner
2131303,266,1,1,1,1,consistent learner
2131303,271,1,0,1,1,consistent learner
2131303,276,1,0,0,0,fast learner
2131303,281,0,0,0,2,reflective learner
2131303,287,1,1,1,1,consistent learner
2131303,292,1,0,1,1,consistent learner
2131303,302,1,0,1,1,consistent learner
2131303,315,1,0,1,1,consistent learner
2131303,317,1,0,1,1,consistent learner
2131303,319,1,0,1,1,consistent learner
2131303,332,1,0,1,1,consistent learner
2131303,335,1,0,1,1,consistent learner
2131303,337,1,0,0,0,fast learner
2131303,342,1,0,0,0,fast learner
2131303,352,1,1,1,1,consistent learner
2131303,367,0,0,0,2,reflective learner
2131303,382,1,0,1,1,consistent learner
2131303,387,1,0,1,1,consistent learner
2131303,403,1,0,0,0,fast learner
2131303,413,1,1,0,0,fast learner
2131303,418,1,0,0,0,fast learner
2131303,423,1,0,1,1,consistent learner
2131303,428,1,0,1,1,consistent learner
2131303,433,1,1,1,1,consistent learner
2131303,443,1,0,1,1,consistent learner
2131303,445,1,0,1,1,consistent learner
2131303,480,1,0,0,0,fast learner
2131303,485,0,0,0,2,reflective learner
2131303,490,0,0,0,2,reflective learner
2131303,495,0,0,0,2,reflective learner
2131303,530,0,0,1,2,reflective learner
2131303,555,1,0,1,1,consistent learner
2131303,565,1,0,0,0,fast learner
2131303,570,1,0,1,1,consistent learner
2131303,580,1,0,0,0,fast learner
2131303,590,1,0,1,1,consistent learner
2131303,595,0,0,0,2,reflective learner
2131303,600,1,0,0,0,fast learner
2131303,605,1,0,0,0,fast learner
2131303,610,1,1,0,0,fast learner
2131303,615,1,0,0,0,fast learner
2131303,620,1,0,1,1,consistent learner
2131303,653,1,0,1,1,consistent learner
2131303,663,1,0,1,1,consistent learner
2131303,697,1,0,1,1,consistent learner
2131303,743,1,0,1,1,consistent learner
2131303,753,1,0,1,1,consistent learner
2131303,758,0,0,0,2,reflective learner
2131303,788,1,0,0,0,fast learner
2131303,818,1,0,0,0,fast learner
2131303,831,1,0,0,0,fast learner
2131303,852,1,0,0,0,fast learner
2131303,862,1,0,0,0,fast learner
2131303,867,1,0,0,0,fast learner
2131303,881,0,0,1,2,reflective learner
2131303,890,1,0,0,0,fast learner
2131303,899,1,0,0,0,fast learner
2135328,14,1,0,0,0,fast learner
2135328,32,1,0,0,0,fast learner
2135328,51,1,1,1,1,consistent learner
2135328,60,1,0,0,0,fast learner
2135328,80,1,0,1,1,consistent learner
2135328,86,1,0,1,1,consistent learner
2135328,120,1,0,0,0,fast learner
2135328,123,1,0,1,1,consistent learner
2135328,133,0,0,0,2,reflective learner
2135328,144,1,0,0,0,fast learner
2135328,153,1,0,0,0,fast learner
2135328,163,1,0,1,1,consistent learner
2135328,169,1,0,0,0,fast learner
2135328,177,1,0,1,1,consistent learner
2135328,184,1,0,1,1,consistent learner
2135328,185,1,1,1,1,consistent learner
2135328,191,0,0,0,2,reflective learner
2135328,219,1,1,1,1,consistent learner
2135328,237,1,0,0,0,fast learner
2135328,251,1,0,0,0,fast learner
2135328,256,1,0,1,1,consistent learner
2135328,261,1,0,1,1,consistent learner
2135328,266,1,0,0,0,fast learner
2135328,271,0,0,0,2,reflective learner
2135328,276,0,0,0,2,reflective learner
2135328,281,0,0,0,2,reflective learner
2135328,292,1,0,1,1,consistent learner
2135328,297,1,0,0,0,fast learner
2135328,302,1,0,1,1,consistent learner
2135328,312,0,0,1,2,reflective learner
2135328,313,1,1,1,1,consistent learner
2135328,315,1,1,1,1,consistent learner
2135328,317,1,0,1,1,consistent learner
2135328,319,1,1,1,1,consistent learner
2135328,322,0,0,1,2,reflective learner
2135328,327,1,0,1,1,consistent learner
2135328,332,0,0,0,2,reflective learner
2135328,335,1,1,1,1,consistent learner
2135328,337,1,0,1,1,consistent learner
2135328,342,1,0,1,1,consistent learner
2135328,352,1,0,0,0,fast learner
2135328,362,0,0,0,2,reflective learner
2135328,382,1,0,1,1,consistent learner
2135328,387,1,0,1,1,consistent learner
2135328,423,0,0,1,2,reflective learner
2135328,428,0,0,1,2,reflective learner
2135328,433,0,0,0,2,reflective learner
2135328,443,1,1,1,1,consistent learner
2135328,465,0,1,0,2,reflective learner
2135328,490,0,0,0,2,reflective learner
2135328,500,0,0,0,2,reflective learner
2135328,505,0,0,1,2,reflective learner
2135328,510,1,0,0,0,fast learner
2135328,530,0,0,1,2,reflective learner
2135328,545,0,0,0,2,reflective learner
2135328,550,0,0,0,2,reflective learner
2135328,555,1,1,1,1,consistent learner
2135328,565,1,0,1,1,consistent learner
2135328,570,1,0,0,0,fast learner
2135328,590,1,1,1,1,consistent learner
2135328,595,0,0,1,2,reflective learner
2135328,600,1,0,0,0,fast learner
2135328,605,1,0,0,0,fast learner
2135328,615,1,0,1,1,consistent learner
2135328,620,1,1,0,0,fast learner
2135328,653,1,0,0,0,fast learner
2135328,663,1,0,0,0,fast learner
2135328,668,1,0,1,1,consistent learner
2135328,697,1,0,0,0,fast learner
2135328,698,0,0,1,2,reflective learner
2135328,708,1,1,1,1,consistent learner
2135328,713,1,1,1,1,consistent learner
2135328,743,1,0,0,0,fast learner
2135328,753,1,0,0,0,fast learner
2135328,818,1,0,1,1,consistent learner
2135328,823,0,0,0,2,reflective learner
2135328,852,1,0,0,0,fast learner
2135328,862,1,0,0,0,fast learner
2135328,867,1,0,0,0,fast learner
2395575,14,1,1,0,0,fast learner
2395575,51,1,1,0,0,fast learner
2395575,60,1,0,0,0,fast learner
2395575,80,1,1,0,0,fast learner
2395575,86,1,1,1,1,consistent learner
2395575,120,1,0,0,0,fast learner
2395575,123,1,1,0,0,fast learner
2395575,163,1,0,0,0,fast learner
2395575,165,1,1,1,1,consistent learner
2395575,169,1,0,0,0,fast learner
2395575,177,1,1,1,1,consistent learner
2395575,184,1,1,1,1,consistent learner
2395575,185,1,0,1,1,consistent learner
2395575,219,0,0,0,2,reflective learner
2395575,237,1,1,1,1,consistent learner
2395575,251,1,0,1,1,consistent learner
2395575,256,1,0,1,1,consistent learner
2395575,261,1,0,1,1,consistent learner
2395575,287,1,0,1,1,consistent learner
2395575,292,1,0,0,0,fast learner
2395575,302,1,1,1,1,consistent learner
2395575,313,1,1,0,0,fast learner
2395575,315,1,0,0,0,fast learner
2395575,317,1,0,1,1,consistent learner
2395575,319,1,1,1,1,consistent learner
2395575,322,0,0,1,2,reflective learner
2395575,327,1,0,0,0,fast learner
2395575,335,1,0,0,0,fast learner
2395575,337,1,0,0,0,fast learner
2395575,342,1,0,0,0,fast learner
2395575,352,1,1,1,1,consistent learner
2395575,367,0,0,1,2,reflective learner
2395575,382,1,0,1,1,consistent learner
2395575,413,1,0,1,1,consistent learner
2395575,443,0,0,1,2,reflective learner
2395575,445,1,0,0,0,fast learner
2395575,465,0,1,0,2,reflective learner
2395575,505,0,0,0,2,reflective learner
2395575,530,0,0,1,2,reflective learner
2395575,545,0,0,0,2,reflective learner
2395575,550,0,0,0,2,reflective learner
2395575,555,1,0,1,1,consistent learner
2395575,570,1,0,0,0,fast learner
2395575,590,1,0,0,0,fast learner
2395575,595,0,0,0,2,reflective learner
2395575,600,1,0,0,0,fast learner
2395575,605,1,0,1,1,consistent learner
2395575,615,1,0,0,0,fast learner
2395575,620,1,0,1,1,consistent learner
2395575,653,1,0,1,1,consistent learner
2395575,663,1,0,1,1,consistent learner
2395575,703,0,0,0,2,reflective learner
2395575,713,1,0,0,0,fast learner
2395575,748,0,0,0,2,reflective learner
2395575,753,1,0,0,0,fast learner
2395575,763,0,1,1,2,reflective learner
2395575,768,0,1,1,2,reflective learner
2395575,818,0,0,0,2,reflective learner
2395575,823,0,0,1,2,reflective learner
2395575,852,1,0,0,0,fast learner
2395575,862,1,0,0,0,fast learner
2395575,867,1,0,0,0,fast learner
3557828,14,1,1,1,1,consistent learner
3557828,51,1,0,1,1,consistent learner
3557828,60,1,0,0,0,fast learner
3557828,80,1,0,1,1,consistent learner
3557828,86,1,1,1,1,consistent learner
3557828,120,0,0,0,2,reflective learner
3557828,123,1,0,1,1,consistent learner
3557828,133,0,0,0,2,reflective learner
3557828,145,0,0,0,2,reflective learner
3557828,159,1,0,1,1,consistent learner
3557828,163,1,0,1,1,consistent learner
3557828,165,1,0,1,1,consistent learner
3557828,169,1,1,0,0,fast learner
3557828,177,1,0,1,1,consistent learner
3557828,184,1,0,0,0,fast learner
3557828,185,1,1,0,0,fast learner
3557828,191,1,0,0,0,fast learner
3557828,219,1,0,1,1,consistent learner
3557828,237,1,0,1,1,consistent learner
3557828,251,1,0,1,1,consistent learner
3557828,256,1,0,1,1,consistent learner
3557828,261,1,0,1,1,consistent learner
3557828,266,1,0,1,1,consistent learner
3557828,276,1,1,1,1,consistent learner
3557828,292,1,0,0,0,fast learner
3557828,302,1,0,1,1,consistent learner
3557828,315,1,1,1,1,consistent learner
3557828,317,1,0,1,1,consistent learner
3557828,319,1,0,0,0,fast learner
3557828,335,1,0,1,1,consistent learner
3557828,342,1,0,0,0,fast learner
3557828,352,1,0,0,0,fast learner
3557828,367,0,1,1,2,reflective learner
3557828,382,1,1,0,0,fast learner
3557828,397,0,1,1,2,reflective learner
3557828,403,1,1,1,1,consistent learner
3557828,413,1,0,1,1,consistent learner
3557828,433,0,0,0,2,reflective learner
3557828,445,1,0,0,0,fast learner
3557828,475,0,1,1,2,reflective learner
3557828,480,0,0,0,2,reflective learner
3557828,505,0,0,1,2,reflective learner
3557828,540,0,0,1,2,reflective learner
3557828,555,1,0,0,0,fast learner
3557828,565,1,0,0,0,fast learner
3557828,570,1,0,0,0,fast learner
3557828,575,0,1,1,2,reflective learner
3557828,590,1,1,0,0,fast learner
3557828,600,1,0,0,0,fast learner
3557828,615,1,0,0,0,fast learner
3557828,653,1,0,1,1,consistent learner
3557828,663,1,0,0,0,fast learner
3557828,673,0,0,0,2,reflective learner
3557828,678,0,1,0,2,reflective learner
3557828,688,0,1,1,2,reflective learner
3557828,693,0,1,1,2,reflective learner
3557828,703,0,1,1,2,reflective learner
3557828,708,1,0,1,1,consistent learner
3557828,713,1,1,1,1,consistent learner
3557828,748,0,0,0,2,reflective learner
3557828,753,1,0,0,0,fast learner
3557828,758,1,0,0,0,fast learner
3557828,763,0,1,1,2,reflective learner
3557828,768,0,1,0,2,reflective learner
3557828,831,0,0,0,2,reflective learner
3557828,852,1,0,0,0,fast learner
3557828,862,1,0,0,0,fast learner
3557828,867,1,0,0,0,fast learner
3557828,887,0,1,1,2,reflective learner
5021477,251,1,0,0,0,fast learner
5021477,261,1,0,0,0,fast learner
5044844,123,1,0,0,0,fast learner
5044844,163,1,1,0,0,fast learner
5044844,219,1,0,0,0,fast learner
5044844,237,1,0,0,0,fast learner
5044844,251,1,0,0,0,fast learner
5044844,256,1,0,0,0,fast learner
5044844,261,1,0,0,0,fast learner
5044844,302,1,0,0,0,fast learner
5044844,315,1,0,0,0,fast learner
5044844,317,1,0,0,0,fast learner
5044844,455,0,1,1,2,reflective learner
5044844,475,0,1,1,2,reflective learner
5044844,540,0,0,0,2,reflective learner
5044844,653,1,0,0,0,fast learner
5051374,86,1,0,0,0,fast learner
5051374,177,0,0,0,2,reflective learner
5051374,653,1,0,0,0,fast learner
5051374,753,1,0,0,0,fast learner
5051374,878,0,0,0,2,reflective learner
5181638,555,1,0,0,0,fast learner
5410562,653,1,0,0,0,fast learner
5410865,555,1,0,0,0,fast learner
5410865,615,0,0,0,2,reflective learner
